name,id,tier,rarity,base value,range,damage/second,damage/shot,emp,impact,turn rate,OPs,ammo,ammo/sec,reload size,type,energy/shot,energy/second,chargeup,chargedown,burst size,burst delay,min spread,max spread,spread/shot,spread decay/sec,beam speed,proj speed,launch speed,flight time,proj hitpoints,hints,tags,groupTag,tech/manufacturer,for weapon tooltip>>,primaryRoleStr,speedStr,trackingStr,turnRateStr,accuracyStr,customPrimary,customPrimaryHL,customAncillary,customAncillaryHL,noDPSInTooltip,number
,,,,,,,,,,,,,,,,,,,,,,,,,,,,,,,,,,,,,,,,,,,,,,
#SHIP WEAPONS (CURRENT),,,,,,,,,,,,,,,,,,,,,,,,,,,,,,,#SHIP WEAPONS (CURRENT),,,,,,,,,,,,,,,
,,,,,,,,,,,,,,,,,,,,,,,,,,,,,,,,,,,,,,,,,,,,,,
Hikone 125 Auxillary,uaf_hikone_quad,0,0,1600,650,,90,,15,20,8,,,,KINETIC,81,,0,0.35,,,0,5,0.5,1,,750,,,300,,"kinetic9, uaf_weapon_bp, uaf_ship_bp",,United Aurora Federation,,Suppression Autocannon,,,,,Suitable for overwhelming and suppressing shielded targets.,shielded targets,,,,1
Shimata 155 Auxillary,uaf_shimata_155_cn,0,0,1450,650,,200,,30,15,8,,,,HIGH_EXPLOSIVE,180,,0,2,3,0.15,0,17,4,8,,575,,,150,,"he8, SR, uaf_weapon_bp, uaf_ship_bp",,United Aurora Federation,,Anti Armor Howitzer,,,,,"Secondary anti-ship howitzer, it has slow projectile speed but its effective against armored targets and exposed hull.",armored targets | exposed hull,,,,
,,,,,,,,,,,,,,,,,,,,,,,,,,,,,,,,,,,,,,,,,,,,,,
Ivory 254 Support,uaf_ivory,0,0,1500,900,,180,,50,12,10,,,,HIGH_EXPLOSIVE,150,,0,1.5,,,0,3,0.5,1,,950,,,300,,"he10, uaf_weapon_bp, uaf_ship_bp",,United Aurora Federation,,Anti Armor Cannon,,,,,"Has long range and good accuracy, at cost of slow rate of fire. Suitable against armored targets and exposed hull.",armored targets | exposed hull,,,,1
Ivory 254 Rapid,uaf_ivory_triple,0,0,2400,800,,140,,50,12,11,,,,HIGH_EXPLOSIVE,120,,0,1.6,3,0.15,0,11.5,1.5,2,,680,,,300,,"he10, uaf_weapon_bp, uaf_m_ship_bp",,United Aurora Federation,,Anti Armor Cannon,,,,,Rapid fire but at cost of wide weapon recoil and spread. Suitable against armored targets and exposed hull.,armored targets | exposed hull,,,,1
Medlav 254 Support,uaf_medlav_dual,0,0,1500,900,,140,,30,12,10,,,,KINETIC,100,,0,1.15,2,0.1,0,3,0.5,1,,950,,,300,,"kinetic10, uaf_weapon_bp, uaf_ship_bp",,United Aurora Federation,,Anti Shield Cannon,,,,,"Has long range and good accuracy, at cost of slow rate of fire. Suitable against shielded targets.",shielded targets,,,,1
Medlav 254 Rapid,uaf_medlav_quad,0,0,2400,800,,170,,30,12,11,,,,KINETIC,165,,0,1.85,4,0.15,0,12.5,2,2.5,,800,,,300,,"kinetic10, uaf_weapon_bp, uaf_m_ship_bp",,United Aurora Federation,,Anti Shield Cannon,,,,,Rapid fire but at cost of wider weapon recoil and spread. Suitable against shielded targets.,shielded targets,,,,1
Claris 50 Cannon,uaf_claris_cn,0,0,600,600,,50,10,3,24,5,,,,KINETIC,45,,0,0.33,,,0,5,3,1,,800,,,20,,"kinetic6, uaf_weapon_bp, uaf_ship_bp",,United Aurora Federation,,Anti Shield Autocannon,,,,,Identical to Cantata but with different damage type. Suitable against shielded targets.,shielded targets,,,,2
Cantata 50 Cannon,uaf_cantata_cn,0,0,600,600,,40,10,3,24,5,,,,HIGH_EXPLOSIVE,30,,0,0.33,,,0,5,3,1,,800,,,20,,"he6, uaf_weapon_bp, uaf_ship_bp",,United Aurora Federation,,Anti Armor Autocannon,,,,,Identical to Claris but with different damage type. Suitable against armored targets and exposed hull.,armored targets | exposed hull,,,,2
Reina I/PD 20 MG,uaf_pd_reina,0,0,450,350,,27,,3,75,3,,,,FRAGMENTATION,2.5,,0,0.35,10,0.05,0,2,1,0.025,,650,,,10,PD,"pd6, kinetic3, SR, uaf_weapon_bp, uaf_ship_bp",,United Aurora Federation,,Point Defense Autocannon,,,,,Light caliber defensive machine gun loaded with fragmentation rounds. Suitable against fighters and missiles.,fighters | missiles,,,,0.5
Reina II/PD 30 HMG,uaf_pd_reina_ii,0,0,500,450,,30,,5,55,4,,,,KINETIC,6.5,,0,0.15,,,0,6,1,5,,850,,,10,"PD, ANTI_FTR","pd5, kinetic4, SR, uaf_weapon_bp, uaf_ship_bp",,United Aurora Federation,,Heavy Point Defense Autocannon,,,,,Heavy caliber machine guns capable of taking down fighters and shields.,fighters | shields,,,,0.5
Yokata 155 Howitzer,uaf_yokata_155_cn,0,0,750,600,,150,,30,30,3,,,,HIGH_EXPLOSIVE,165,,0,1.4,1,,0,8,4,8,,575,,,150,,"he4, SR, uaf_weapon_bp, uaf_ship_bp",,United Aurora Federation,,Anti Armor Howitzer,,,,,"Secondary anti-ship howitzer, it has slow projectile speed but its effective against armored targets and exposed hull.",armored targets | exposed hull,,,,
Decorative 12.7 MG,uaf_deco_mg,0,0,200,325,,20,,1,100,1,50,2.75,5,FRAGMENTATION,2,,0,2,25,0.05,0,10,0.2,,,1100,,,10,PD,"pd1, SR, uaf_weapon_bp, uaf_ship_bp",,United Aurora Federation,,Backup Point Defense,,,,,"Backup point defense weapon, cost efficient but less potent than the alternatives.",cost efficient | less potent,,,,1
,,,,,,,,,,,,,,,,,,,,,,,,,,,,,,,,,,,,,,,,,,,,,,
Racun APS Pod ,uaf_racun_pod,0,0,300,200,,25,10,10,45,2,200,5,100,FRAGMENTATION,10,,0,8,15,,20,20,20,0,,1500,,,20,PD,"pd2, uaf_weapon_bp, uaf_ship_bp",,United Aurora Federation,,Active Protection System,,,,,Active anti-missile defense system with limited ammunition. Only effective against missiles.,limited ammunition | missiles,,,,2
Flair Launcher Pod,uaf_flair_pod,0,0,300,500,,10,,15,25,2,250,5,100,ENERGY,10,,0,10,20,0.1,60,60,0,0,,300,300,4,1,PD,"pd2, uaf_weapon_bp, uaf_ship_bp",,United Aurora Federation,,Flare Launcher,Fast,Poor,,,Active anti-missile defense system with limited ammunition. Only effective when used to disrupt missile guidance.,limited ammunition | missile guidance,,,,
,,,,,,,,,,,,,,,,,,,,,,,,,,,,,,,,,,,,,,,,,,,,,,
Catun II E-Railgun Dual,uaf_catun_ii_erg,0,0,3250,700,,260,150,30,20,12,,,,ENERGY,450,,0.5,2,1,,0,0.5,0.1,0.1,,1350,,,300,,"energy12, uaf_ai_ship_bp, uaf_weapon_bp",,United Aurora Federation,,Multi Purpose Dual Railgun,,,,,"Has long range, good accuracy and high rate of fire at cost of low damage. Decent against shield and armor. It will deal extra 40 fragmentation damage on impact if projectile hits exposed hull.",shield and armor | 40 fragmentation | projectile hits exposed hull.,,,,1
Catun III E-Railgun Dual,uaf_catun_iii_erg,0,0,8500,800,,450,250,150,10,24,,,,ENERGY,750,,0.5,2,1,,0,0.5,0.1,0.1,,1550,,,300,STRIKE,"energy17, uaf_automata_rare_bp, uaf_weapon_bp",,United Aurora Federation,,Multi Purpose Dual Railgun,,,,,"Has long range, good accuracy and high rate of fire at cost of low damage. Decent against shield and armor. It will deal extra 40 fragmentation damage on impact if projectile hits exposed hull.",shield and armor | 40 fragmentation | projectile hits exposed hull.,,,,1
,,,,,,,,,,,,,,,,,,,,,,,,,,,,,,,,,,,,,,,,,,,,,,
Edge Type 1 SPC,uaf_edge_type_i,1,0,850,500,,45,20,3,30,6,,,,ENERGY,73,,0,2.2,6,0.185,1,11,-0.5,-0.5,,900,,,20,,"energy6, uaf_ai_ship_bp, uaf_weapon_bp",,United Aurora Federation,,Disruptive Cannon,,,,,"Suitable against %s and %s, Due to its negative recoil its accuracy increases the longer it fires. It deals %s damage while generating less flux if %s.",armored targets | exposed hull | increased |ship exceeds 50% of its flux capacity,,,,2
Edge Type 1 SPC (Overload),uaf_edge_type_i_overload,1,0,850,500,,80,55,3,30,6,,,,ENERGY,30,,0,2.2,6,0.185,1,11,-0.5,-0.5,,1200,,,20,SYSTEM,,,United Aurora Federation,,Disruptive Cannon,,,,,Suitable against armored targets and exposed hull.,armored targets | exposed hull,,,,2
Edge Type 2 MPC,uaf_edge_type_ii,1,0,2650,600,,85,25,50,20,12,,,,ENERGY,175,,0.2,0.4,,,2,13,-1,-1,,1000,,,20,,"energy10, uaf_ai_ship_bp, uaf_weapon_bp",,United Aurora Federation,,Disruptive Cannon,,,,,"Suitable against %s and %s, Due to its negative recoil its accuracy increases the longer it fires. It deals %s damage while generating less flux if %s.",armored targets | exposed hull | increased | ship exceeds 50% of its flux capacity,,,,2
Edge Type 2 MPC (Overload),uaf_edge_type_ii_overload,1,0,2650,600,,170,100,50,20,12,,,,ENERGY,75,,0.2,0.4,,,2,13,-1,-1,,1400,,,20,SYSTEM,,,United Aurora Federation,,Disruptive Cannon,,,,,Suitable against armored targets and exposed hull.,armored targets | exposed hull,,,,2
Edge Type 3 LPC,uaf_edge_type_iii,2,1,4565,800,,205,50,100,10,22,,,,ENERGY,330,,0.4,2,4,0.45,3,15,-2,-2,,1200,,,20,STRIKE,"energy19, uaf_automata_rare_bp, uaf_weapon_bp",,United Aurora Federation,,Disruptive Cannon,,,,,"Suitable against %s and %s, Due to its negative recoil its accuracy increases the longer it fires. It deals %s damage while generating less flux if %s.",armored targets | exposed hull | increased | ship exceeds 50% of its flux capacity,,,,2
Edge Type 3 LPC (Overload),uaf_edge_type_iii_overload,2,1,4565,800,,345,200,100,10,22,,,,ENERGY,120,,0.4,2,4,0.45,3,15,-2,-2,,1600,,,20,SYSTEM,,,United Aurora Federation,,Disruptive Cannon,,,,,Suitable against armored targets and exposed hull.,armored targets | exposed hull,,,,2
,,,,,,,,,,,,,,,,,,,,,,,,,,,,,,,,,,,,,,,,,,,,,,
Edge Type 4 XPC,uaf_edge_type_iv,2,1,20520,900,,450,200,100,8,0,,,,ENERGY,525,,0.4,3.5,2,0.6,3,15,-2,-2,,1150,,,20,"SYSTEM, STRIKE, USE_VS_FRIGATES",energy25,,United Aurora Federation,,Super Disruptive Cannon,,,,,Suitable against %s and %s. Due to its negative recoil it gets more accurate the longer it fires. It deals %s damage and gains extra range while generating less flux if %s.,armored targets | exposed hull | increased | ship exceeds 50% of its flux capacity,,,,2
Edge Type 4 XPC (Overload),uaf_edge_type_iv_overload,2,1,20520,1000,,650,600,100,8,0,,,,ENERGY,325,,0.4,3.5,4,0.2,3,15,-2,-2,,1450,,,20,"SYSTEM, STRIKE, USE_VS_FRIGATES",energy25,,United Aurora Federation,,Super Disruptive Cannon,,,,,Suitable against armored targets and exposed hull.,armored targets | exposed hull,,,,2
,,,,,,,,,,,,,,,,,,,,,,,,,,,,,,,,,,,,,,,,,,,,,,
,,,,,,,,,,,,,,,,,,,,,,,,,,,,,,,,,,,,,,,,,,,,,,
Merupaka 20 EPD,uaf_merupaka_epd,1,1,500,450,,35,,5,55,6,,,,ENERGY,15,,0,0.35,6,0.125,0,4,1,5,,1150,,,10,PD,"pd7, energy7, SR, uaf_automata_weapon_bp, uaf_ai_ship_bp",,United Aurora Federation,,Point Defense Autocannon,,,,,General purpose. Deals additional 50 fragmentation damage against missiles and strikecraft.,50 fragmentation | missiles | strikecraft,,,,0.5
,,,,,,,,,,,,,,,,,,,,,,,,,,,,,,,,,,,,,,,,,,,,,,
Kanshee 609 SXC,uaf_kanshee_sxc,2,2,5550,800,,700,,100,4,22,,,,ENERGY,800,,0.6,3.4,1,0,0,3,1,2,,1450,,,400,STRIKE,"energy20, LR, uaf_automata_rare_bp, uaf_weapon_bp",,United Aurora Federation,,Multi Purpose Cannon (HE),,,,,"Has long range and good accuracy, at cost of slow rate of fire. Fires in bursts of four rounds, suitable against %s and %s. %s chance to additional %s damage directly to hull if armor is destroyed.",armored targets | exposed hull | 30% | 150 high explosive,,,,6
Cyrexa II 452 SXC,uaf_cyrexa_ii_sxc,3,2,6420,800,,370,,100,4,23,,,,ENERGY,700,,0.6,2.2,4,0.2,0,8,2,2.5,,1450,,,400,STRIKE,"energy20, LR, uaf_automata_rare_bp, uaf_weapon_bp",,United Aurora Federation,,Multi Purpose Cannon (AP),,,,,"Has long range, good accuracy and a decent rate of fire. Suitable for suppressing %s. %s chance to deal additional 200 kinetic damage against shields.",shielded targets | 30% | 200,,,,6
,,,,,,,,,,,,,,,,,,,,,,,,,,,,,,,,,,,,,,,,,,,,,,
Weiss I Micro Flak,uaf_weiss_flk,0,0,800,400,,50,,2,65,6,,,,FRAGMENTATION,15,,0,0.2,1,,0,12,3,,,650,,,20,PD,"pd3, uaf_weapon_bp, uaf_standard_rare_bp",,United Aurora Federation,,Point Defense (Suppression),,,,,"Flak cannon that causes multiple micro explosions around the first detonation point, dealing minor %s damage. More effective when used against %s than ships and in %s.",fragmentation | missiles | concentrated defensive fire,,,,2
Weiss II Burst Flak,uaf_weiss_ii_flk,0,0,1550,600,,100,,10,35,12,,,,FRAGMENTATION,30,,0,0.5,1,,0,15,3,,,750,,,20,PD,"pd9, uaf_weapon_bp, uaf_standard_rare_bp",,United Aurora Federation,,Point Defense (Area),,,,,"Flak cannon that causes multiple micro explosions around the first detonation point, dealing minor %s damage. More effective when used against %s than ships and in %s.",fragmentation | missiles | concentrated defensive fire,,,,2
Weiss III Cluster Flak,uaf_weiss_iii_flk,2,1,5800,750,,250,,150,20,20,,,,FRAGMENTATION,125,,0,0.8,1,,0,15,3,,,850,,,20,PD,"pd16, uaf_weapon_bp, uaf_standard_rare_bp",,United Aurora Federation,,Point Defense (Directional),,,,,"Flak cannon that fires a shell which is filled with cluster munitions with timed fuse, releasing them in a wide cone in front of it. Resulting area suppression deals fragmentation and high explosive damage. Effective at medium to long range against missiles and spacecraft.",wide area | fragmentation | high explosive| medium to long | missiles and spacecraft,,,,2
Weiss Split 600,uaf_weiss_iii_flk_split0,0,,200,600,,150,,150,0,0,,,,HIGH_EXPLOSIVE,,,,,1,,0,5,1,,,1100,,,20,"PD, SYSTEM",pd1,,United Aurora Federation,,Dual-barrel Flak Gun,,,,,,,,,,2
Weiss Split 500,uaf_weiss_iii_flk_split1,0,,300,500,,150,,150,0,0,,,,HIGH_EXPLOSIVE,,,,,1,,0,5,1,,,1100,,,20,"PD, SYSTEM",pd1,,United Aurora Federation,,Dual-barrel Flak Gun,,,,,,,,,,2
Weiss Split 400,uaf_weiss_iii_flk_split2,0,,300,400,,150,,150,0,0,,,,FRAGMENTATION,,,,,1,,0,7,3,,,1100,,,20,"PD, SYSTEM",pd1,,United Aurora Federation,,Dual-barrel Flak Gun,,,,,,,,,,2
Weiss Split 300,uaf_weiss_iii_flk_split3,0,,300,300,,150,,150,0,0,,,,FRAGMENTATION,,,,,1,,0,7,3,,,1100,,,20,"PD, SYSTEM",pd1,,United Aurora Federation,,Dual-barrel Flak Gun,,,,,,,,,,2
Weiss Split 200,uaf_weiss_iii_flk_split4,0,,300,200,,150,,150,0,0,,,,FRAGMENTATION,,,,,1,,0,15,3,,,1100,,,20,"PD, SYSTEM",pd1,,United Aurora Federation,,Dual-barrel Flak Gun,,,,,,,,,,2
Weiss Split 100,uaf_weiss_iii_flk_split5,0,,300,100,,150,,150,0,0,,,,FRAGMENTATION,,,,,1,,0,15,3,,,1100,,,20,"PD, SYSTEM",pd1,,United Aurora Federation,,Dual-barrel Flak Gun,,,,,,,,,,2
,,,,,,,,,,,,,,,,,,,,,,,,,,,,,,,,,,,,,,,,,,,,,,
Phenex 80CM R-Railgun,uaf_phenex_lrg,6,6,300000,1350,,1450,600,400,2,0,,,,KINETIC,2000,,0.6,6,3,0.5,0,2,1,,,1050,,,400,"SYSTEM, SHOW_IN_CODEX, STRIKE, USE_VS_FRIGATES","kinetic20, LR, no_drop, no_bp_drop, no_drop_salvage, restricted, no_dealer",,United Aurora Federation,,Supercapital Railgun,,,,,"Solvernia's 808mm devastating, unstoppable projectile will penetrate through everything regardless of its size and mass. It can also switch to nuclear rounds on demand for anti-everything purposes.",penetrate | everything | nuclear rounds,,,,6
,,,,,,,,,,,,,,,,,,,,,,,,,,,,,,,,,,,,,,,,,,,,,,
Lion's Roar Launcher (L),uaf_lion_roar,1,,200,3000,,4000,2000,1000,35,2,6,0.010,2,HIGH_EXPLOSIVE,0,,0,30,1,,0,0,0,0,,800,800,5,2000,SYSTEM,,STRIKE,"strike8, rocket3, missile_bp, merc",,Delayed Fuse Bouncing Bomb (WMD),,Torpedo,Fast,None,"An experimental low-yield nuclear warhead mounted on the tip of an armored bomb. It's delayed fuse will ensure enough time to potentially bounce into enemy formation to detonate from within, ensuring maximum chaos.",delayed fuse | bounce | detonate from within,,,,
,,,,,,,,,,,,,,,,,,,,,,,,,,,,,,,,,,,,,,,,,,,,,,
Cyrexa 452 Rapid,uaf_cyrexa,3,2,6420,900,,350,,100,3,21,,,,KINETIC,385,,0.5,2,4,0.25,0,8,2,2.5,,900,,,400,STRIKE,"kinetic19, LR, uaf_weapon_bp, uaf_military_rare_bp",,United Aurora Federation,,Anti Capital (Shield),,,,,Rapid fire but at cost of wide weapon recoil and spread. Suitable against shielded targets.,shielded targets,,,,6
Cyrexa 452 Support,uaf_cyrexa_triple,2,1,4210,1000,,450,,100,3,20,,,,KINETIC,405,,0.6,3.4,3,0.35,0,5,1,1,,1100,,,400,STRIKE,"kinetic20, LR, uaf_weapon_bp, uaf_standard_rare_bp",,United Aurora Federation,,Anti Capital (Shield),,,,,"Has long range and good accuracy, at cost of slow rate of fire. Suitable against shielded targets.",shielded targets,,,,6
,,,,,,,,,,,,,,,,,,,,,,,,,,,,,,,,,,,,,,,,,,,,,,
Herexa 609 Rapid,uaf_herexa_triple,3,2,6420,900,,450,,100,3,21,,,,HIGH_EXPLOSIVE,470,,0.6,2,3,0.3,0,8,2,2.5,,900,,,400,STRIKE,"he20, LR, uaf_weapon_bp, uaf_military_rare_bp",,United Aurora Federation,,Anti Capital (Armor),,,,,Rapid fire but at cost of wide weapon recoil and spread. Suitable against armored targets and exposed hull.,armored targets | exposed hull,,,,6
Herexa 609 Support,uaf_herexa,2,1,5550,1000,,550,,100,3,20,,,,HIGH_EXPLOSIVE,500,,0.6,4,2,0.4,0,5,1,2,,1100,,,400,STRIKE,"he19, LR, uaf_weapon_bp, uaf_standard_rare_bp",,United Aurora Federation,,Anti Capital (Armor),,,,,"Has long range and good accuracy, at cost of slow rate of fire. Suitable against armored targets and exposed hull.",armored targets | exposed hull,,,,6
,,,,,,,,,,,,,,,,,,,,,,,,,,,,,,,,,,,,,,,,,,,,,,
Triyia 30 CIWS,uaf_triyia_pdx,2,1,6655,600,,8,12,20,100,15,,,,FRAGMENTATION,2,,0,0.05,,,0,5,0.1,3,,1000,,,50,"ANTI_FTR, PD","utility10, pd10, uaf_weapon_bp, uaf_m_ship_bp",,United Aurora Federation,,Point Defense (Suppression),,,,,"Has rapid rate of fire, suitable against %s and %s.",strikecraft | missiles,,,,4.5
Penulisa 40 AS/R,uaf_penulisa_acx,2,2,6655,700,,35,,20,100,20,,,,HIGH_EXPLOSIVE,27,,0.075,,,,0,7.5,0.2,1,,900,,,50,STRIKE,"he19, uaf_weapon_bp, uaf_military_rare_bp",,United Aurora Federation,,Anti Armor (Suppression),,,,,"Rapid firing rotary anti-ship cannon, perfect against %s. Deals additional %s damage when hitting exposed hull.",armored ships | 20 fragmentation,,,,4.5
Precisia 304 (built-in),uaf_precisia_dual,6,6,2500,825,,100,50,30,20,,,,,ENERGY,100,,0,2.15,4,0.1,0,1,1,,,1350,,,300,SYSTEM,"kinetic10, LR, no_drop, no_bp_drop, no_drop_salvage, restricted, no_dealer",,United Aurora Federation,,General Purpose,,,,,"Burst-firing. General purpose, but with slow rate of fire.",ships,,,,1
,,,,,,,,,,,,,,,,,,,,,,,,,,,,,,,,,,,,,,,,,,,,,,
Cyrexa Single Experimental,uaf_cyrexa_single,4,4,14210,900,,450,,300,5,25,15,,1,KINETIC,150,,0.1,2.75,1,0,0,0,1,,,1750,,,400,"SYSTEM, STRIKE, CONSERVE_FOR_ANTI_ARMOR, CONSERVE_3","kinetic20, LR, no_drop, no_drop_salvage, restricted",,United Aurora Federation,,,,,,,,,,,,6
Cyrexa Improved Experimental,uaf_cyrexa_single_experimental,4,4,14210,1250,,450,,400,5,25,15,,1,KINETIC,250,,0.5,2.75,3,0.3,0,0,1,,,1800,,,450,"SYSTEM, STRIKE, CONSERVE_FOR_ANTI_ARMOR, CONSERVE_3, SHOW_IN_CODEX","kinetic20, LR, no_drop, no_drop_salvage, restricted",,United Aurora Federation,,,,,,,,,,,,6
Tona I/S 125 Railgun,uaf_tona_i,1,0.5,1000,700,,110,200,30,10,6,,,,KINETIC,150,,0.5,1.5,1,0,0,1,1,,,1100,,,20,,"kinetic7, LR, uaf_weapon_bp, uaf_m_ship_bp",,United Aurora Federation,,Anti Shield Railgun,,,,,Projectiles can %s through light %s and potentially through small ships and fighters.,penetrate | obstacles,,,,2
Tona II/M 254 Railgun,uaf_tona_ii,2,2,2300,900,,260,500,40,6,12,,,,KINETIC,375,,0.5,1.5,1,0,0,1,1,,,1300,,,20,,"kinetic14, LR, uaf_weapon_bp, uaf_m_ship_bp",,United Aurora Federation,,Anti Shield Railgun,,,,,Projectiles can %s through light %s and potentially through small ships and fighters.,penetrate | obstacles,,,,2
Tona III/L 452 Railgun,uaf_tona_iii,3,2,6000,1000,,520,1000,50,3,25,,,,KINETIC,750,,0.5,2,1,0,0,1,1,,,1450,,,20,STRIKE,"kinetic21, LR, uaf_weapon_bp, uaf_military_rare_bp",,United Aurora Federation,,Anti Shield Railgun,,,,,Projectiles can %s through light %s and potentially through small ships and fighters.,penetrate | obstacles,,,,2
Tona IV/XL 608 ( built-in ),uaf_tona_iv,4,5,145000,1450,,2150,600,60,2,0,10,0.1,1,KINETIC,2050,,0.5,8,,,0,1,1,,,1600,,,20,"SYSTEM, NO_TURN_RATE_BOOST_WHEN_IDLE","no_drop, no_drop_salvage, no_dealer, restricted",,United Aurora Federation,,Anti Capital Railgun,,,,,Projectiles can %s through light %s and potentially through small ships and fighters.,penetrate | obstacles,,,,2
,,,,,,,,,,,,,,,,,,,,,,,,,,,,,,,,,,,,,,,,,,,,,,
#MISSILES,,,,,,,,,,,,,,,,,,,,,,,,,,,,,,,#MISSILES,,,,,,,,,,,,,,,
,,,,,,,,,,,,,,,,,,,,,,,,,,,,,,,,,,,,,,,,,,,,,,
Sakura ASM/MLRS System,uaf_missile_barrage,0,,1250,3500,,150,50,30,0,0,100,0.6,1,HIGH_EXPLOSIVE,25,,0,15,25,0.2,0,0,0,,,300,140,20,100,"SYSTEM, STRIKE, GUIDED_POOR, DO_NOT_CONSERVE, DO_NOT_AIM","strike7, missile0, no_drop, no_drop_salvage",,United Aurora Federation,,Micro Missile (Suppression),Fast,Excellent,,,Rapid firing micro missile launcher designed to %s and %s the enemy defenses.,saturate | overwhelm,,,TRUE,16.4
,,,,,,,,,,,,,,,,,,,,,,,,,,,,,,,,,,,,,,,,,,,,,,
Rhythm LRM Pod (M),uaf_rhythm_base_triple,0,,3000,3500,,250,,85,50,7,9,0.15,3,HIGH_EXPLOSIVE,15,,0,5,3,0.4,0,0,0,0,,275,120,15,120,"GUIDED_POOR, DO_NOT_CONSERVE, DO_NOT_AIM","strike3, missile3, uaf_missile_bp, uaf_ship_bp",,United Aurora Federation,,Long Range Support Missile,Medium,Poor,,,"Great weapon for backline vessels, best used against stations and ships.",support | structures and ships,,,,12.5
,,,,,,,,,,,,,,,,,,,,,,,,,,,,,,,,,,,,,,,,,,,,,,
Selemene MSM Pod (M),uaf_selemene_m_mrm,0,,2400,2000,,250,600,15,50,10,6,0.06,2,ENERGY,15,,0,10,2,0.4,0,0,0,,,450,60,15,225,"STRIKE, DO_NOT_CONSERVE, DO_NOT_AIM","missile5, strike5, uaf_missile_bp, uaf_standard_rare_bp",,United Aurora Federation,,Disruptive Missile,Fast,Excellent,,,Excellent for disabling enemy weapons and modules.,weapons and modules,,,TRUE,12.2
Selemene MSM Launcher (S),uaf_selemene_s_mrm,0,,1200,2000,,250,600,15,50,4,3,0.04,1,ENERGY,15,,0,5,,,0,0,0,,,450,60,15,225,"STRIKE, DO_NOT_CONSERVE, DO_NOT_AIM","missile5, strike5, uaf_missile_bp, uaf_ship_bp",,United Aurora Federation,,Disruptive Missile,Fast,Excellent,,,Excellent for disabling enemy weapons and modules.,weapons and modules,,,TRUE,12.2
,,,,,,,,,,,,,,,,,,,,,,,,,,,,,,,,,,,,,,,,,,,,,,
Exoscar/ASM Launcher (S),uaf_exoscar_torpedo_base,1,,3000,1500,,1500,,120,15,3,3,0.024,1,HIGH_EXPLOSIVE,20,,0,20,1,,0,0,0,,,350,100,10,400,"STRIKE, DO_NOT_CONSERVE","strike7, rocket4, uaf_missile_bp, uaf_ship_bp",,United Aurora Federation,,Anti Ship Torpedo,Fast,Medium,,,Suitable against armored targets and exposed hull.,armored targets | exposed hull,,,TRUE,9
Exoscar/AASM Launcher (S),uaf_exoscar_torpedo_base_shield,3,,4300,1500,,1200,,120,15,5,3,0.024,1,HIGH_EXPLOSIVE,20,,0,20,1,,0,0,0,,,350,100,10,800,"STRIKE, DO_NOT_CONSERVE","strike7, rocket7, uaf_missile_bp, uaf_m_ship_bp",,United Aurora Federation,,Anti Ship Torpedo,Fast,Medium,,,Suitable against armored targets and exposed hull.,armored targets | exposed hull,,,TRUE,9
Exoscar ASM Pod (M),uaf_exoscar_torpedo_med,1,,5000,1500,,1500,,120,15,11,8,0.024,1,HIGH_EXPLOSIVE,300,,0,20,2,0.75,0,0,0,,,350,100,10,400,"STRIKE, DO_NOT_CONSERVE","strike10, rocket6, uaf_missile_bp, uaf_ship_bp",,United Aurora Federation,,Anti Ship Torpedo,Fast,Medium,,,Suitable against armored targets and exposed hull.,armored targets | exposed hull,,,TRUE,9
,,,,,,,,,,,,,,,,,,,,,,,,,,,,,,,,,,,,,,,,,,,,,,
Vocal SRM Pod (S),uaf_vocal_s_srm,1,,650,1000,,90,,15,50,5,30,0.25,1,HIGH_EXPLOSIVE,10,,0,3,6,0.2,10,50,5,0,,400,50,5,50,"ANTI_FTR, USE_VS_FRIGATES, DO_NOT_AIM, DO_NOT_CONSERVE","utility4, missile4, uaf_missile_bp, uaf_ship_bp",,United Aurora Federation,,Suppression Missile,Fast,Excellent,,,Effective against fighters and small-to-medium ships.,fighters | small-to-medium,,,,10
Vocal SRM Pod (M),uaf_vocal_m_srm,1,,3500,1000,,100,,15,50,8,70,0.25,1,HIGH_EXPLOSIVE,10,,0,5,14,0.2,10,50,5,0,,400,50,7,50,"ANTI_FTR, USE_VS_FRIGATES, DO_NOT_AIM, DO_NOT_CONSERVE","utility8, missile8, uaf_missile_bp, uaf_standard_rare_bp",,United Aurora Federation,,Suppression Missile,Fast,Excellent,,,Effective against fighters and small-to-medium ships.,fighters | small-to-medium,,,,10
Vocal SRM Pod (L),uaf_vocal_l_srm,1,,6000,1000,,110,,15,50,16,130,0.25,1,HIGH_EXPLOSIVE,10,,0,6,26,0.2,10,50,5,0,,400,50,10,50,"ANTI_FTR, USE_VS_FRIGATES, DO_NOT_AIM, DO_NOT_CONSERVE","utility14, missile14, uaf_missile_bp, uaf_standard_rare_bp",,United Aurora Federation,,Suppression Missile,Fast,Excellent,,,Effective against fighters and small-to-medium ships.,fighters | small-to-medium,,,,10
,,,,,,,,,,,,,,,,,,,,,,,,,,,,,,,,,,,,,,,,,,,,,,
Clemente MRM Launcher (S),uaf_clemente_base,1,,800,1200,,500,,20,30,5,4,0.03,1,HIGH_EXPLOSIVE,10,,0,10,,,0,0,0,,,225,30,6,150,"DO_NOT_AIM, STRIKE, USE_VS_FRIGATES","missile3, strike3, uaf_missile_bp, uaf_ship_bp",,United Aurora Federation,,Anti Ship Missile,Medium,Medium,,,Suitable against armored targets and exposed hull. Best used as a opening and finishing salvo.,armored targets | exposed hull,,,,10
Clemente MRM (Built-in),uaf_clemente_nakiha,1,,400,1200,,500,,20,30,0,8,0.03,2,HIGH_EXPLOSIVE,10,,0,5,,,0,0,0,,,225,30,6,150,"SYSTEM, STRIKE, DO_NOT_AIM, USE_VS_FRIGATES","missile1, strike1, no_drop, no_drop_salvage",,United Aurora Federation,,Anti Ship Missile,Medium,Medium,,,Suitable against armored targets and exposed hull. Best used as a opening and finishing salvo.,armored targets | exposed hull,,,,10
Clemente MRM Pod (M),uaf_clemente_s_mrm_double,2,,4000,1200,,550,,20,30,10,8,0.04,2,HIGH_EXPLOSIVE,10,,0,5,2,0.2,0,0,0,,,225,30,6,150,"DO_NOT_AIM, STRIKE, USE_VS_FRIGATES","missile3, strike3, uaf_missile_bp, uaf_standard_rare_bp",DO_NOT_AIM,United Aurora Federation,,Anti Ship Missile,Medium,Medium,,,Suitable against armored targets and exposed hull. Best used as a opening and finishing salvo.,armored targets | exposed hull,,,,
,,,,,,,,,,,,,,,,,,,,,,,,,,,,,,,,,,,,,,,,,,,,,,
Typhoon Dual Pod (L),uaf_typhoon_l_sasm,1,,4500,1500,,5000,,200,10,22,12,0.010,1,FRAGMENTATION,450,,0,10,2,1.3,0,0,0,0,,385,100,5,450,STRIKE,"strike8, rocket3, uaf_missile_bp, uaf_standard_rare_bp",STRIKE,United Aurora Federation,,Anti Ship Torpedo,,Torpedo,Fast,None,"Unguided torpedo armed with fragmented flechette warhead, effective as a finisher.",finisher,,,TRUE,
Typhoon Launcher (S),uaf_typhoon_s_sasm,1,,800,1500,,5000,,200,10,3,3,0.010,1,FRAGMENTATION,300,,0,20,1,,0,0,0,0,,385,100,5,450,STRIKE,"strike8, rocket3, uaf_missile_bp, uaf_ship_bp",STRIKE,United Aurora Federation,,Anti Ship Torpedo,,Torpedo,Fast,None,"Unguided torpedo armed with fragmented flechette warhead, effective as a finisher.",finisher,,,TRUE,
,,,,,,,,,,,,,,,,,,,,,,,,,,,,,,,,,,,,,,,,,,,,,,
,,,,,,,,,,,,,,,,,,,,,,,,,,,,,,,,,,,,,,,,,,,,,,
Amazoch/L Dual Pod (M),uaf_amazoch_light_asrm_dual,3,,2500,1500,,1000,,200,50,10,8,0.05,2,KINETIC,150,,0,12,2,0.4,0,0,0,0,,750,12,6,250,STRIKE,"strike5, missile5, uaf_missile_bp, uaf_standard_rare_bp",,United Aurora Federation,,Anti Shield Torpedo,,Torpedo,,,"Unguided torpedo, suitable against shielded targets.",shielded targets,,,TRUE,12.5
Amazoch/H Launcher (S),uaf_amazoch_s_asrm_single,3,,900,1500,,1500,,200,50,3,4,0.025,1,KINETIC,150,,0,12,1,,0,0,0,0,,700,12,6,250,STRIKE,"strike5, missile5, uaf_missile_bp, uaf_ship_bp",,United Aurora Federation,,Anti Shield Torpedo,,Torpedo,,,"Unguided torpedo, suitable against shielded targets.",shielded targets,,,TRUE,12.5
,,,,,,,,,,,,,,,,,,,,,,,,,,,,,,,,,,,,,,,,,,,,,,
Swaras MLRS (M),uaf_swaras_m_mlrs,1,,2650,2000,,125,100,15,20,15,160,0.29,1,KINETIC,55,,0,12,12,0.3,0,0,0,0,,600,20,4.75,300,"STRIKE, DO_NOT_AIM, USE_VS_FRIGATES, MISSILE_SPREAD","missile15, strike15, uaf_weapon_bp, uaf_m_ship_bp",,United Aurora Federation,,Multi-Purpose Rocket,,Suppression,Very Fast,Special,"Long range support, deals extra 10 high explosive damage on hit.",10 high explosive,Unguided after a brief initial aiming stage.,,,
Swaras MLRS (L),uaf_swaras_l_mlrs,2,,6000,2500,,175,100,15,20,23,280,0.29,1,KINETIC,85,,0,20,20,0.25,0,0,0,0,,550,20,4.75,300,"STRIKE, DO_NOT_AIM, USE_VS_FRIGATES, MISSILE_SPREAD","missile19, strike19, uaf_weapon_bp, uaf_military_rare_bp",,United Aurora Federation,,Multi-Purpose Rocket,,Suppression,Very Fast,Special,"Long range support, deals extra 20 high explosive damage on hit.",20 high explosive,Unguided after a brief initial aiming stage.,,,
,,,,,,,,,,,,,,,,,,,,,,,,,,,,,,,,,,,,,,,,,,,,,,
Meitou Chorus AAMX (L),uaf_meitou_chorus_nt,4,4,10000,2200,,780,50,75,50,15,32,0.3,2,FRAGMENTATION,50,,0,12,8,0.2,0,0,0,0,,850,0,10,100,"PD, ANTI_FTR, DO_NOT_AIM","utility8, missile12",,United Aurora Federation,,Point Defense (Guided),Fast,Good,,,Defensive shaped-charge missiles that deal significantly higher area of effect damage against fighters and missiles compared to regular Chorus.,area of effect | fighters and missiles,,,,
Chorus AAM (L),uaf_chorus_l_amm,3,2,3500,2000,,375,50,75,50,15,32,0.45,2,FRAGMENTATION,20,,0,10,8,0.2,0,0,0,0,,850,0,6,100,"PD, ANTI_FTR","utility8, missile12, uaf_missile_bp, uaf_m_ship_bp",,United Aurora Federation,,Point Defense (Guided),Fast,Good,,,"Defensive shaped-charge missiles that detonate in a cone upon impact, dealing minor additional kinetic damage to fighters and enemy projectiles.",in a cone | kinetic,,,,
Chorus AAM (M),uaf_chorus_m_amm,2,1,3000,1500,,200,50,75,50,8,24,0.4,2,FRAGMENTATION,15,,0,8,6,0.2,0,0,0,0,,715,0,5,85,"PD, ANTI_FTR","utility8, missile10, uaf_missile_bp, uaf_military_rare_bp",,United Aurora Federation,,Point Defense (Guided),Fast,Good,,,"Defensive shaped-charge missiles that detonate in a cone upon impact, dealing minor additional kinetic damage to fighters and enemy projectiles.",kinetic | cone in front of it,,,,
Chorus AAM (S),uaf_chorus_s_amm,1,,2000,1000,,150,50,75,50,5,16,0.3,2,FRAGMENTATION,10,,0,6,4,0.2,0,0,0,0,,685,0,4,85,"PD, ANTI_FTR","utility8, missile6, uaf_missile_bp, uaf_military_rare_bp",,United Aurora Federation,,Point Defense (Guided),Fast,Good,,,"Defensive shaped-charge missiles that detonate in a cone upon impact, dealing minor additional kinetic damage to fighters and enemy projectiles.",kinetic | cone in front of it,,,,
,,,,,,,,,,,,,,,,,,,,,,,,,,,,,,,,,,,,,,,,,,,,,,
Minirest_ASM Launcher (L),uaf_minirest_asm_l,3,,7000,3500,,800,,100,15,20,12,0.05,2,HIGH_EXPLOSIVE,500,,0,8.5,2,0.75,0,0,0,0,,400,0,25,250,"DO_NOT_AIM, DO_NOT_CONSERVE, STRIKE, USE_VS_FRIGATES","utility13, missile10, uaf_missile_bp, uaf_military_rare_bp",,United Aurora Federation,,Multi-Stage Cruise Missile,Medium,Good,,,"Unpredictable and experimental two-staged missile that will attempt to maneuver to the flank of the target, and then separate into a faster, non-guided munition that will accelerate at high speed towards the enemy.",Unpredictable | flank | accelerate at high speed,,,,12.5
,uaf_minirest_ss,3,,900,3500,,800,,100,15,0,12,0.05,2,HIGH_EXPLOSIVE,0,,0,8.5,2,0.75,0,0,0,0,,400,300,10,250,"SYSTEM, DO_NOT_AIM, DO_NOT_CONSERVE","utility13, missile0, no_drop, no_drop_salvage",,United Aurora Federation,,Multi-Stage Cruise Missile,Medium,Good,,,,,,,,12.5
,,,,,,,,,,,,,,,,,,,,,,,,,,,,,,,,,,,,,,,,,,,,,,
Minibreve Launcher (S),uaf_minibreve_tnt_s,1,1,10000,1500,,3250,,150,50,8,2,0.012,1,ENERGY,250,,0,45,1,,0,0,0,,,400,15,15,500,"STRIKE, USE_VS_FRIGATES, DO_NOT_AIM","strike8, rocket4, uaf_missile_bp, uaf_standard_rare_bp",STRIKE,United Aurora Federation,,Strike Cruise Missile (WMD),Medium,Medium,Poor,,"Low-yield nuclear warhead torpedo, it only deals single damage burst at much smaller area compared to Semibreve. Perfect to finish off small to medium targets.",single damage burst | small to medium targets,,,TRUE,9
Minibreve Pod (M),uaf_minibreve_tnt_m,1,1,25000,1500,,3250,,150,30,20,4,0.024,2,ENERGY,250,,0,60,2,1,0,0,0,,,400,15,15,500,"STRIKE, USE_VS_FRIGATES, DO_NOT_AIM","strike12, rocket8, uaf_missile_bp, uaf_military_rare_bp",STRIKE,United Aurora Federation,,Strike Cruise Missile (WMD),Medium,Medium,Poor,,"Low-yield nuclear warhead torpedo, it only deals single damage burst at much smaller area compared to Semibreve. Perfect to finish off small to medium targets.",single damage burst | small to medium targets,,,TRUE,9
,,,,,,,,,,,,,,,,,,,,,,,,,,,,,,,,,,,,,,,,,,,,,,
Semibreve Launcher (L),uaf_semibreve_base,3,5,154500,3500,,10500,,2000,15,35,2,0.007,1,ENERGY,3650,,0.25,75,1,,0,0,0,,,350,15,15,1800,STRIKE,"strike8, rocket8, uaf_missile_bp, uaf_military_rare_bp",STRIKE,United Aurora Federation,,Strike Cruise Missile (WMD),,,,,"Multiple Bursts Weapon System, it will detonate at least three times and deal damage consecutively over a large area. It will randomly deal more or less up to 8000 energy damage in the initial burst, followed closely by 1250 energy and 1250 fragmentation damage.",8000 | 1250 | 1250,,,TRUE,9
Meitou Semibreve Launcher (XL),uaf_semibreve_guided,3,5,154500,3500,,6000,,2000,15,35,2,0.007,1,ENERGY,3650,,0.25,75,1,,0,0,0,,,300,15,20,1800,SYSTEM,"strike8, rocket8, uaf_missile_bp, uaf_military_rare_bp",STRIKE,United Aurora Federation,,Strike Cruise Missile (WMD),,,,,"Multiple Burst Weapon System, it will detonate at least three times and deal damage consecutively over a large area of effect. It will randomly deal more or less up to 4000 energy damage in the initial burst, followed closely by 1000 energy and 1000 fragmentation damages.",4000 | 1000 | 1000,,,TRUE,9
,,,,,,,,,,,,,,,,,,,,,,,,,,,,,,,,,,,,,,,,,,,,,,
,uaf_overridesystem,,,,1,1,,,,,,,,,,,,,10,,,,,,,,,,,,SYSTEM,"no_drop, no_drop_salvage",,United Aurora Federation,,,,,,,,,,,,
,,,,,,,,,,,,,,,,,,,,,,,,,,,,,,,,,,,,,,,,,,,,,,
Anti-Phase Mine,uaf_anti_phase_mine,,,,1000,,350,100,,,,35,0,,ENERGY,0,0,0,2,5,1,60,60,0,0,,0,0,25,650,SYSTEM,"no_drop, no_drop_salvage",SYSTEM,,,,,,,,,,,,,
,,,,,,,,,,,,,,,,,,,,,,,,,,,,,,,,,,,,,,,,,,,,,,
Flare,uaf_shipflare,,,,1000,,10,100,,,,,0,,ENERGY,0,0,0,0.1,16,0.1,60,60,0,0,,150,300,3,1,SYSTEM,"no_drop, no_drop_salvage",SYSTEM,,,,,,,,,,,,,
Fighter Flare,uaf_fighterflare,,,,1000,,10,100,,,,,0,,ENERGY,0,0,0,0.1,8,0.1,60,60,0,0,,150,300,3,1,SYSTEM,"no_drop, no_drop_salvage",SYSTEM,,,,,,,,,,,,,
,,,,,,,,,,,,,,,,,,,,,,,,,,,,,,,,,,,,,,,,,,,,,,
#Crescendo,uaf_crescendo,,,,1,1,,,,,,,,,,,,1,2,,,,,,,,,,,,SYSTEM,"no_drop, no_drop_salvage",,United Aurora Federation,,,,,,,,,,,,
#Swan song,uaf_songAttack,,,,1,1,,,,,,,,,,,,1,44,,,,,,,,,,,,SYSTEM,"no_drop, no_drop_salvage",,United Aurora Federation,,,,,,,,,,,,
,,,,,,,,,,,,,,,,,,,,,,,,,,,,,,,,,,,,,,,,,,,,,,
#FIGHTER WEAPONS,,,,,,,,,,,,,,,,,,,,,,,,,,,,,,,#FIGHTER WEAPONS,,,,,,,,,,,,,,,
,,,,,,,,,,,,,,,,,,,,,,,,,,,,,,,,,,,,,,,,,,,,,,
Decorative MG,uaf_decor_mg,1,5,200,1000,,5,,1,75,4,50,2.75,5,FRAGMENTATION,2,,0,2,25,0.05,0,10,0.2,10,,700,,,10,"SYSTEM, PD","pd15, SR, remnant, no_drop, no_drop_salvage",,United Aurora Federation,,,,,,,,,,,,1
,,,,,,,,,,,,,,,,,,,,,,,,,,,,,,,,,,,,,,,,,,,,,,
30mm MG Class I,uaf_fw_30mm_class_i,0,,1200,500,,17,15,1,1,6,350,,,FRAGMENTATION,5,,,0.35,6,0.05,2,20,0.3,3,,1200,,,60,SYSTEM,"energy8, no_drop, no_drop, no_drop_salvage",,United Aurora Federation,,,,,,,Suitable against fighters and missiles.,fighters | missiles,,,,
30mm MG Class II,uaf_fw_30mm_class_ii,1,,1500,500,,30,55,5,1,6,350,,,FRAGMENTATION,5,,,0.35,6,0.05,2,20,0.3,3,,1200,,,60,SYSTEM,"kinetic1, SR, no_drop, no_drop_salvage",,United Aurora Federation,,,,,,,Suitable against fighters and missiles.,fighters | missiles,,,,
30mm MG Class III,uaf_fw_30mm_class_iii,2,1,6655,750,,30,25,20,100,15,850,,,FRAGMENTATION,6.5,,,,10,0.01,2,20,0.15,3,,1200,,,50,"SYSTEM, PD","utility10, pd1, no_drop, no_drop_salvage",,United Aurora Federation,,Point Defense (Suppression),,,,,"Rapid fire, effective against fighters and missiles.",fighters | missiles,,,TRUE,4.5
,,,,,,,,,,,,,,,,,,,,,,,,,,,,,,,,,,,,,,,,,,,,,,
40mm CN Class I,uaf_fw_40mm_class_i,1,,1500,500,,25,5,1,1,6,350,,,KINETIC,8,,,0.4,5,0.1,1,6,1,15,,1200,,,75,SYSTEM,"kinetic2, SR, no_drop, no_drop_salvage",,United Aurora Federation,,,,,,,Suitable against fighters and ships.,fighters | ships,,,,
,,,,,,,,,,,,,,,,,,,,,,,,,,,,,,,,,,,,,,,,,,,,,,
76mm RG Class I,uaf_fw_76mm_class_i,1,,800,750,,160,125,100,15,5,50,,,KINETIC,75,,,2.2,,,0,1,1,,,2400,,,20,SYSTEM,"kinetic2, SR, no_drop, no_drop_salvage",,United Aurora Federation,,Anti Shield,,,,,,,,,,2
76mm RG Class II,uaf_fw_76mm_class_ii,2,,800,750,,200,150,100,15,5,50,,,KINETIC,125,,,2,,,0,1,1,,,2400,,,20,SYSTEM,"kinetic2, SR, no_drop, no_drop_salvage",,United Aurora Federation,,Anti Shield,,,,,,,,,,2
,,,,,,,,,,,,,,,,,,,,,,,,,,,,,,,,,,,,,,,,,,,,,,
57mm CN Class I,uaf_fw_56mm_class_i,0,,450,600,,75,10,3,45,5,50,,,HIGH_EXPLOSIVE,75,,0,1,,,0,20,3,5,,1400,,,20,SYSTEM,"kinetic2, SR, no_drop, no_drop_salvage",,United Aurora Federation,,General Purpose (Suppression),,,,,Suitable against shielded targets.,shielded targets,,,,2
57mm CN Class II,uaf_fw_56mm_class_ii,0,,450,600,,125,10,5,45,5,50,,,HIGH_EXPLOSIVE,125,,0,2,,,0,20,3,5,,1800,,,20,SYSTEM,"kinetic2, SR, no_drop, no_drop_salvage",,United Aurora Federation,,General Purpose (Anti-Shield),,,,,Suitable against shielded targets.,shielded targets,,,,2
57mm CN Class III,uaf_fw_57mm_class_iii,0,0,450,750,,150,50,30,20,10,40,,,KINETIC,100,,0,1,2,0.25,0,10,0.5,1,,1200,,,300,SYSTEM,"kinetic2, SR, no_drop, no_drop_salvage",,United Aurora Federation,,General Purpose (Anti-Shield),,,,,"Has long range and good accuracy, at cost of slow rate of fire. Suitable against shielded targets.",shielded targets,,,,1
,,,,,,,,,,,,,,,,,,,,,,,,,,,,,,,,,,,,,,,,,,,,,,
155mm CN Class I,uaf_fw_155mm_class_i,0,,1250,750,,150,,200,5,16,20,,,HIGH_EXPLOSIVE,350,,0,4,2,0.25,0,5,5,1,,1200,,,400,"SYSTEM, STRIKE, USE_VS_FRIGATES","he2, SR, no_drop, no_drop_salvage",,United Aurora Federation,,Anti Armor,,,,,,,,,,
,,,,,,,,,,,,,,,,,,,,,,,,,,,,,,,,,,,,,,,,,,,,,,
HVAR Class I,uaf_fw_hvar_class_i,2,,1200,1500,,200,,5,30,10,8,,,HIGH_EXPLOSIVE,0,,,4,1,0.2,0,0,0,0,,500,100,3.75,50,"SYSTEM, STRIKE, USE_VS_FRIGATES","rocket13, strike8, merc, no_drop, no_drop_salvage",,United Aurora Federation,,,,,,Low,"Single launch dumb-fire rocket, suitable against armored targets and exposed hull.",armored targets | exposed hull,,,,
HVAR Class IR,uaf_fw_hvar_class_ir,2,,1500,1500,,60,,5,30,10,5,,,HIGH_EXPLOSIVE,0,,,0.15,,,0,12,3,0,,510,105,3.75,55,"SYSTEM, STRIKE, USE_VS_FRIGATES, DO_NOT_CONSERVE","rocket13, strike8, merc, no_drop, no_drop_salvage",,United Aurora Federation,,,,,,Low,"Single launch dumb-fire rocket, suitable against armored targets and exposed hull.",armored targets | exposed hull,,,,
HVAR Class IAP,uaf_fw_hvar_class_iap,2,,1500,1500,,45,,5,30,10,5,,,KINETIC,0,,,0.15,,,0,12,3,0,,510,105,3.75,55,"SYSTEM, STRIKE, USE_VS_FRIGATES, DO_NOT_CONSERVE","rocket13, strike8, merc, no_drop, no_drop_salvage",,United Aurora Federation,,,,,,Low,"Wing-based rocket system that fires on salvo, suitable against shield.",salvo | shield,,,,
HVAR Class II,uaf_fw_hvar_class_ii,3,,1500,1500,,255,,5,30,10,12,,,HIGH_EXPLOSIVE,0,,,2,2,0.3,0,0,0,0,,520,110,3.75,50,"SYSTEM, STRIKE, USE_VS_FRIGATES","rocket13, strike8, merc, no_drop, no_drop_salvage",,United Aurora Federation,,,,,,Low,"Single launch dumb-fire rocket, suitable against armored targets and exposed hull.",armored targets | exposed hull,,,,
,,,,,,,,,,,,,,,,,,,,,,,,,,,,,,,,,,,,,,,,,,,,,,
AMSSM Class I,uaf_fw_amssm_class_i,2,,1800,1000,,150,50,3,50,5,4,,,FRAGMENTATION,0,,,8,,,0,0,0,0,,530,50,2,85,"SYSTEM, PD, ANTI_FTR","utility8, missile0, no_drop, no_drop_salvage",,United Aurora Federation,,PD Missile,Fast,Good,,,"Defensive shaped-charge missiles that detonate in a cone upon impact, dealing minor additional kinetic damage to fighters and enemy projectiles.",kinetic damage | cone in front of it,,,,
AMSSM Class II,uaf_fw_amssm_class_ii,3,,2000,1000,,150,50,3,50,5,6,,,FRAGMENTATION,0,,,8,,,0,0,0,0,,570,50,3,85,"SYSTEM, PD, ANTI_FTR","utility8, missile0, no_drop, no_drop_salvage",,United Aurora Federation,,PD Missile,Fast,Good,,,"Defensive shaped-charge missiles that detonate in a cone upon impact, dealing minor additional kinetic damage to fighters and enemy projectiles.",kinetic damage | cone in front of it,,,,
AMSSM Class III,uaf_fw_amssm_class_iii,3,,2000,1000,,270,50,3,50,5,8,,,FRAGMENTATION,0,,,8,,,0,0,0,0,,600,50,3.5,85,"SYSTEM, PD, ANTI_FTR","utility8, missile0, no_drop, no_drop_salvage",,United Aurora Federation,,PD Missile,Fast,Good,,,"Defensive shaped-charge missiles that detonate in a cone upon impact, dealing minor additional kinetic damage to fighters and enemy projectiles.",kinetic damage | cone in front of it,,,,
AMSSMX Class IV,uaf_fw_amssmx_class_iv,4,4,3500,2000,,420,300,75,50,5,4,,,FRAGMENTATION,20,,0,25,,,0,0,0,0,,500,15,6,150,"SYSTEM, PD, ANTI_FTR","utility8, missile0, no_drop, no_drop_salvage",,United Aurora Federation,,Interceptor (AOE / WMD ),Fast,Good,,,"Defensive shaped-charge missiles that detonate in a cone upon impact, dealing minor additional kinetic damage to fighters and enemy projectiles.",kinetic damage | cone in front of it,,,,
,,,,,,,,,,,,,,,,,,,,,,,,,,,,,,,,,,,,,,,,,,,,,,
ASMR Class I,uaf_fw_asmr_class_i,1,,800,1300,,300,,75,30,6,2,,,HIGH_EXPLOSIVE,0,,,5,1,,0,0,0,,,700,30,5,150,"SYSTEM, STRIKE, DO_NOT_AIM, USE_VS_FRIGATES","missile1, strike3, no_drop, no_drop_salvage",,United Aurora Federation,,Anti Ship Missile,Medium,Medium,,,Suitable against fighters and ships.,fighters | ships,,,,10
,,,,,,,,,,,,,,,,,,,,,,,,,,,,,,,,,,,,,,,,,,,,,,
Exoscar Class I,uaf_fw_exoscar_class_i,3,,800,1550,,1700,100,25,5,1,1,,,HIGH_EXPLOSIVE,350,,,,1,,0,0,0,,,500,100,6,550,"SYSTEM, STRIKE, DO_NOT_CONSERVE","strike8, rocket3, no_drop, no_drop_salvage",,United Aurora Federation,,Guided Torpedo,Fast,None,,,"Guided torpedoes, suitable against armored targets and exposed hull.",armored targets | exposed hull,,,TRUE,9
Exoscar Class II,uaf_fw_exoscar_class_ii,4,,800,1550,,2170,100,25,5,1,2,,,HIGH_EXPLOSIVE,350,,,1.5,1,,0,0,0,,,500,100,6,650,"SYSTEM, STRIKE, DO_NOT_CONSERVE","strike8, rocket3, no_drop, no_drop_salvage",,United Aurora Federation,,Guided Torpedo,Fast,None,,,"Guided torpedoes, suitable against armored targets and exposed hull.",armored targets | exposed hull,,,TRUE,9
,,,,,,,,,,,,,,,,,,,,,,,,,,,,,,,,,,,,,,,,,,,,,,
USB Class I,uaf_fw_usb_class_i,1,,450,1500,,250,,30,1,4,6,,,HIGH_EXPLOSIVE,0,,0,0.1,6,0.2,10,100,10,,,95,80,15,150,"STRIKE, BOMB, SYSTEM","he0, no_drop, no_drop_salvage",,United Aurora Federation,,Suppression,,,,,Unguided bombs that are designed to saturate a large area. Perfect against slow and big targets.,area denial | slow | big,,,TRUE,3.5
USB Class II,uaf_fw_usb_class_ii,2,,600,1500,,750,,65,1,4,4,,,HIGH_EXPLOSIVE,0,,0,0.25,4,0.25,10,80,7,,,90,50,15,250,"STRIKE, BOMB, SYSTEM","he0, no_drop, no_drop_salvage",,United Aurora Federation,,Suppression,,,,,Unguided bombs that are designed to saturate a large area. Perfect against slow and big targets.,area denial | slow | big,,,TRUE,3.5
USB Class III,uaf_fw_usb_class_iii,3,,750,1500,,2000,,90,1,4,2,,,HIGH_EXPLOSIVE,0,,0,0.3,2,0.5,10,60,5,,,80,30,15,400,"STRIKE, BOMB, SYSTEM","he0, no_drop, no_drop_salvage",,United Aurora Federation,,Suppression,,,,,Unguided bombs that are designed to saturate a large area. Perfect against slow and big targets.,area denial | slow | big,,,TRUE,3.5
,,,,,,,,,,,,,,,,,,,,,,,,,,,,,,,,,,,,,,,,,,,,,,
AWP Class I,uaf_fw_awp_class_i,3,,1250,1200,,5000,,200,1,8,2,,,HIGH_EXPLOSIVE,0,,1,6,2,2,10,60,5,,,150,100,60,1750,"STRIKE, BOMB, SYSTEM, DO_NOT_CONSERVE","he0, no_drop, no_drop_salvage",,United Aurora Federation,,Anti-Station (WMD),,,,,"Unguided super-high yield anti-station bomb that deals a small area of effect damage, effective against slow or immobile targets.",small area of effect | slow targets and stations,,,TRUE,3.5
,,,,,,,,,,,,,,,,,,,,,,,,,,,,,,,,,,,,,,,,,,,,,,
Minibreve Class I,uaf_fw_minibreve,3,3,25000,1500,,2850,250,150,10,25,1,,,ENERGY,0,,,,1.2,,0,0,0,,,350,100,7.5,350,"STRIKE, SYSTEM, USE_VS_FRIGATES","strike8, rocket3",STRIKE,United Aurora Federation,,Area Suppression (Tactical),,,,,"Lower-yield version of the ship-based Semibreve, it only deals single damage burst on much smaller area. Perfect to finish off small to medium targets.",single damage burst | small to medium targets,,,TRUE,9
,,,,,,,,,,,,,,,,,,,,,,,,,,,,,,,,,,,,,,,,,,,,,,
ECN Class I,uaf_fw_edge_type_i,1,0,850,500,,35,15,3,45,6,,,,ENERGY,50,,0,4,6,0.185,1,11,-0.5,-0.5,,900,,,20,"SYSTEM, DO_NOT_CONSERVE","energy6, no_drop, no_drop_salvage",,United Aurora Federation,,Disruptive Cannon,,,,,"Suitable against %s and %s, Due to its negative recoil its accuracy increases the longer it fires. It deals %s damage while generating less flux if %s.",armored targets | exposed hull | increased | ship exceeds 50% of its flux capacity,,,,2
ECN Class I (Overload),uaf_fw_edge_type_i_overload,1,0,850,500,,100,100,3,45,6,,,,ENERGY,45,,0,4,6,0.145,1,11,-0.5,-0.5,,1200,,,20,"SYSTEM, DO_NOT_CONSERVE","no_drop, no_drop_salvage",,United Aurora Federation,,Disruptive Cannon,,,,,Suitable against armored targets and exposed hull.,armored targets | exposed hull,,,,2
,,,,,,,,,,,,,,,,,,,,,,,,,,,,,,,,,,,,,,,,,,,,,,
EMG Class I,uaf_fw_merupaka_epd,1,1,500,500,,20,,5,55,6,,,,ENERGY,20,,0,0.4,8,0.145,0,4,1,5,,1150,,,10,"SYSTEM, DO_NOT_CONSERVE","pd7, energy7, SR, uaf_automata_weapon_bp",,United Aurora Federation,,Point Defense Autocannon,,,,,General purpose. Deals additional 50 fragmentation damage against missiles and strikecraft.,50 fragmentation | missile | strikecraft,,,,0.5
,,,,,,,,,,,,,,,,,,,,,,,,,,,,,,,,,,,,,,,,,,,,,,
#RADAR DECORATIVES,,,,,,,,,,,,,,,,,,,,,,,,,,,,,,,,,,,,,,,,,,,,,,
Eyeseau Radar,uaf_eyeseau_radar,0,,0,,,,,,,,,,,,,,,,,,,,,,,,,,,SYSTEM,"no_drop, no_drop_salvage",,United Aurora Federation,,,,,,,,,,,,
Eyeseau Radar Glow,uaf_eyeseau_radar_glow,0,,0,,,,,,,,,,,,,,,,,,,,,,,,,,,SYSTEM,"no_drop, no_drop_salvage",,United Aurora Federation,,,,,,,,,,,,
,,,,,,,,,,,,,,,,,,,,,,,,,,,,,,,,,,,,,,,,,,,,,,
Eyeseau Flaps,uaf_eyeseau_flaps_l,0,,0,,,,,,,,,,,,,,,,,,,,,,,,,,,SYSTEM,"no_drop, no_drop_salvage",,United Aurora Federation,,,,,,,,,,,,
Eyeseau Flaps,uaf_eyeseau_flaps_r,0,,0,,,,,,,,,,,,,,,,,,,,,,,,,,,SYSTEM,"no_drop, no_drop_salvage",,United Aurora Federation,,,,,,,,,,,,
,,,,,,,,,,,,,,,,,,,,,,,,,,,,,,,,,,,,,,,,,,,,,,
Osela Radar,uaf_pulse_generator,0,,0,,,,,,,,,,,,,,,,,,,,,,,,,,,SYSTEM,"no_drop, no_drop_salvage",,United Aurora Federation,,,,,,,,,,,,
,,,,,,,,,,,,,,,,,,,,,,,,,,,,,,,,,,,,,,,,,,,,,,
#catapult,,,,,,,,,,,,,,,,,,,,,,,,,,,,,,,,,,,,,,,,,,,,,,
Catapult,uaf_catapult,0,,100,2500,,750,,15,30,1,3,,,HIGH_EXPLOSIVE,0,,0,1,3,2,0,0,0,,,300,100,12.5,150,"DO_NOT_AIM, DO_NOT_CONSERVE","no_drop, no_drop_salvage",,United Aurora Federation,,Finisher,Medium,Medium,,,,,,,,
,,,,,,,,,,,,,,,,,,,,,,,,,,,,,,,,,,,,,,,,,,,,,,
#DECORATIVES,,,,,,,,,,,,,,,,,,,,,,,,,,,,,,,#DECORATIVES,,,,,,,,,,,,,,,
,,,,,,,,,,,,,,,,,,,,,,,,,,,,,,,,,,,,,,,,,,,,,,
Sirene Blinkers Red,uaf_blinker_sirene_1,0,,0,,,,,,,,,,,,,,,,,,,,,,,,,,,SYSTEM,"no_drop, no_drop_salvage",,United Aurora Federation,,,,,,,,,,,,
Sirene Blinkers Blue,uaf_blinker_sirene_2,0,,0,,,,,,,,,,,,,,,,,,,,,,,,,,,SYSTEM,"no_drop, no_drop_salvage",,United Aurora Federation,,,,,,,,,,,,
,,,,,,,,,,,,,,,,,,,,,,,,,,,,,,,,,,,,,,,,,,,,,,
Right Forward Blinkers #1,uaf_blinker_right_forward_1,0,,0,,,,,,,,,,,,,,,,,,,,,,,,,,,SYSTEM,"no_drop, no_drop_salvage",,United Aurora Federation,,,,,,,,,,,,
Right Forward Blinkers #2,uaf_blinker_right_forward_2,0,,0,,,,,,,,,,,,,,,,,,,,,,,,,,,SYSTEM,"no_drop, no_drop_salvage",,United Aurora Federation,,,,,,,,,,,,
Right Forward Blinkers #3,uaf_blinker_right_forward_3,0,,0,,,,,,,,,,,,,,,,,,,,,,,,,,,SYSTEM,"no_drop, no_drop_salvage",,United Aurora Federation,,,,,,,,,,,,
Right Forward Blinkers #4,uaf_blinker_right_forward_4,0,,0,,,,,,,,,,,,,,,,,,,,,,,,,,,SYSTEM,"no_drop, no_drop_salvage",,United Aurora Federation,,,,,,,,,,,,
Right Forward Blinkers #5,uaf_blinker_right_forward_5,0,,0,,,,,,,,,,,,,,,,,,,,,,,,,,,SYSTEM,"no_drop, no_drop_salvage",,United Aurora Federation,,,,,,,,,,,,
,,,,,,,,,,,,,,,,,,,,,,,,,,,,,,,,,,,,,,,,,,,,,,
Left Forward Blinkers #1,uaf_blinker_left_forward_1,0,,0,,,,,,,,,,,,,,,,,,,,,,,,,,,SYSTEM,"no_drop, no_drop_salvage",,United Aurora Federation,,,,,,,,,,,,
Left Forward Blinkers #2,uaf_blinker_left_forward_2,0,,0,,,,,,,,,,,,,,,,,,,,,,,,,,,SYSTEM,"no_drop, no_drop_salvage",,United Aurora Federation,,,,,,,,,,,,
Left Forward Blinkers #3,uaf_blinker_left_forward_3,0,,0,,,,,,,,,,,,,,,,,,,,,,,,,,,SYSTEM,"no_drop, no_drop_salvage",,United Aurora Federation,,,,,,,,,,,,
Left Forward Blinkers #4,uaf_blinker_left_forward_4,0,,0,,,,,,,,,,,,,,,,,,,,,,,,,,,SYSTEM,"no_drop, no_drop_salvage",,United Aurora Federation,,,,,,,,,,,,
Left Forward Blinkers #5,uaf_blinker_left_forward_5,0,,0,,,,,,,,,,,,,,,,,,,,,,,,,,,SYSTEM,"no_drop, no_drop_salvage",,United Aurora Federation,,,,,,,,,,,,
,,,,,,,,,,,,,,,,,,,,,,,,,,,,,,,,,,,,,,,,,,,,,,
Foremost Blinkers #1,uaf_blinker_foremost_1,0,,0,,,,,,,,,,,,,,,,,,,,,,,,,,,SYSTEM,"no_drop, no_drop_salvage",,United Aurora Federation,,,,,,,,,,,,
Foremost Blinkers #2,uaf_blinker_foremost_2,0,,0,,,,,,,,,,,,,,,,,,,,,,,,,,,SYSTEM,"no_drop, no_drop_salvage",,United Aurora Federation,,,,,,,,,,,,
Foremost Blinkers #3,uaf_blinker_foremost_3,0,,0,,,,,,,,,,,,,,,,,,,,,,,,,,,SYSTEM,"no_drop, no_drop_salvage",,United Aurora Federation,,,,,,,,,,,,
,,,,,,,,,,,,,,,,,,,,,,,,,,,,,,,,,,,,,,,,,,,,,,
Bottom Blinkers #1,uaf_blinker_bottom_1,0,,0,,,,,,,,,,,,,,,,,,,,,,,,,,,SYSTEM,"no_drop, no_drop_salvage",,United Aurora Federation,,,,,,,,,,,,
Bottom Blinkers #2,uaf_blinker_bottom_2,0,,0,,,,,,,,,,,,,,,,,,,,,,,,,,,SYSTEM,"no_drop, no_drop_salvage",,United Aurora Federation,,,,,,,,,,,,
,,,,,,,,,,,,,,,,,,,,,,,,,,,,,,,,,,,,,,,,,,,,,,
Vertical Pink Blinkers #1,uaf_blinker_vertical_pink_1,0,,0,,,,,,,,,,,,,,,,,,,,,,,,,,,SYSTEM,"no_drop, no_drop_salvage",,United Aurora Federation,,,,,,,,,,,,
Vertical Pink Blinkers #2,uaf_blinker_vertical_pink_2,0,,0,,,,,,,,,,,,,,,,,,,,,,,,,,,SYSTEM,"no_drop, no_drop_salvage",,United Aurora Federation,,,,,,,,,,,,
,,,,,,,,,,,,,,,,,,,,,,,,,,,,,,,,,,,,,,,,,,,,,,
Vertical Blinkers #0,uaf_blinker_forward_vertical_1,0,,0,,,,,,,,,,,,,,,,,,,,,,,,,,,SYSTEM,"no_drop, no_drop_salvage",,United Aurora Federation,,,,,,,,,,,,
Vertical Blinkers #1,uaf_blinker_forward_vertical_2,0,,0,,,,,,,,,,,,,,,,,,,,,,,,,,,SYSTEM,"no_drop, no_drop_salvage",,United Aurora Federation,,,,,,,,,,,,
Vertical Blinkers #2,uaf_blinker_forward_vertical_3,0,,0,,,,,,,,,,,,,,,,,,,,,,,,,,,SYSTEM,"no_drop, no_drop_salvage",,United Aurora Federation,,,,,,,,,,,,
Vertical Blinkers #3,uaf_blinker_forward_vertical_4,0,,0,,,,,,,,,,,,,,,,,,,,,,,,,,,SYSTEM,"no_drop, no_drop_salvage",,United Aurora Federation,,,,,,,,,,,,
Vertical Blinkers #4,uaf_blinker_forward_vertical_5,0,,0,,,,,,,,,,,,,,,,,,,,,,,,,,,SYSTEM,"no_drop, no_drop_salvage",,United Aurora Federation,,,,,,,,,,,,
,,,,,,,,,,,,,,,,,,,,,,,,,,,,,,,,,,,,,,,,,,,,,,
#Rillaru Blinkers,,,,,,,,,,,,,,,,,,,,,,,,,,,,,,,,,,,,,,,,,,,,,,
Rillaru L Blinkers #0,uaf_rillaru_blinker_forward_left_0,0,,0,,,,,,,,,,,,,,,,,,,,,,,,,,,SYSTEM,"no_drop, no_drop_salvage",,United Aurora Federation,,,,,,,,,,,,
Rillaru L Blinkers #1,uaf_rillaru_blinker_forward_left_1,0,,0,,,,,,,,,,,,,,,,,,,,,,,,,,,SYSTEM,"no_drop, no_drop_salvage",,United Aurora Federation,,,,,,,,,,,,
Rillaru L Blinkers #2,uaf_rillaru_blinker_forward_left_2,0,,0,,,,,,,,,,,,,,,,,,,,,,,,,,,SYSTEM,"no_drop, no_drop_salvage",,United Aurora Federation,,,,,,,,,,,,
Rillaru L Blinkers #3,uaf_rillaru_blinker_forward_left_3,0,,0,,,,,,,,,,,,,,,,,,,,,,,,,,,SYSTEM,"no_drop, no_drop_salvage",,United Aurora Federation,,,,,,,,,,,,
Rillaru L Blinkers #4,uaf_rillaru_blinker_forward_left_4,0,,0,,,,,,,,,,,,,,,,,,,,,,,,,,,SYSTEM,"no_drop, no_drop_salvage",,United Aurora Federation,,,,,,,,,,,,
,,,,,,,,,,,,,,,,,,,,,,,,,,,,,,,,,,,,,,,,,,,,,,
Rillaru R Blinkers #0,uaf_rillaru_blinker_forward_right_0,0,,0,,,,,,,,,,,,,,,,,,,,,,,,,,,SYSTEM,"no_drop, no_drop_salvage",,United Aurora Federation,,,,,,,,,,,,
Rillaru R Blinkers #1,uaf_rillaru_blinker_forward_right_1,0,,0,,,,,,,,,,,,,,,,,,,,,,,,,,,SYSTEM,"no_drop, no_drop_salvage",,United Aurora Federation,,,,,,,,,,,,
Rillaru R Blinkers #2,uaf_rillaru_blinker_forward_right_2,0,,0,,,,,,,,,,,,,,,,,,,,,,,,,,,SYSTEM,"no_drop, no_drop_salvage",,United Aurora Federation,,,,,,,,,,,,
Rillaru R Blinkers #3,uaf_rillaru_blinker_forward_right_3,0,,0,,,,,,,,,,,,,,,,,,,,,,,,,,,SYSTEM,"no_drop, no_drop_salvage",,United Aurora Federation,,,,,,,,,,,,
Rillaru R Blinkers #4,uaf_rillaru_blinker_forward_right_4,0,,0,,,,,,,,,,,,,,,,,,,,,,,,,,,SYSTEM,"no_drop, no_drop_salvage",,United Aurora Federation,,,,,,,,,,,,
,,,,,,,,,,,,,,,,,,,,,,,,,,,,,,,,,,,,,,,,,,,,,,
Capital Foremost Blinkers #1,uaf_capital_blinker_foremost_1,0,,0,,,,,,,,,,,,,,,,,,,,,,,,,,,SYSTEM,"no_drop, no_drop_salvage",,United Aurora Federation,,,,,,,,,,,,
Capital Foremost Blinkers #2,uaf_capital_blinker_foremost_2,0,,0,,,,,,,,,,,,,,,,,,,,,,,,,,,SYSTEM,"no_drop, no_drop_salvage",,United Aurora Federation,,,,,,,,,,,,
Capital Foremost Blinkers #3,uaf_capital_blinker_foremost_3,0,,0,,,,,,,,,,,,,,,,,,,,,,,,,,,SYSTEM,"no_drop, no_drop_salvage",,United Aurora Federation,,,,,,,,,,,,
,,,,,,,,,,,,,,,,,,,,,,,,,,,,,,,,,,,,,,,,,,,,,,
Capital Bottom Blinkers #1,uaf_capital_blinker_bottom_1,0,,0,,,,,,,,,,,,,,,,,,,,,,,,,,,SYSTEM,"no_drop, no_drop_salvage",,United Aurora Federation,,,,,,,,,,,,
Capital Bottom Blinkers #2,uaf_capital_blinker_bottom_2,0,,0,,,,,,,,,,,,,,,,,,,,,,,,,,,SYSTEM,"no_drop, no_drop_salvage",,United Aurora Federation,,,,,,,,,,,,
,,,,,,,,,,,,,,,,,,,,,,,,,,,,,,,,,,,,,,,,,,,,,,
#engine reactors,,,,,,,,,,,,,,,,,,,,,,,,,,,,,,,SYSTEM,"no_drop, no_drop_salvage",,United Aurora Federation,,,,,,,,,,,,
Novaeria Reactor,uaf_novaeria_reactor,0,,0,,,,,,,,,,,,,,,,,,,,,,,,,,,SYSTEM,"no_drop, no_drop_salvage",,United Aurora Federation,,,,,,,,,,,,
Novaeria Engine Reactor,uaf_novaeria_engine_reactor,0,,0,,,,,,,,,,,,,,,,,,,,,,,,,,,SYSTEM,"no_drop, no_drop_salvage",,United Aurora Federation,,,,,,,,,,,,
,,,,,,,,,,,,,,,,,,,,,,,,,,,,,,,,,,,,,,,,,,,,,,
Reisen Engine Reactor,uaf_reisen_reactor,0,,0,,,,,,,,,,,,,,,,,,,,,,,,,,,SYSTEM,"no_drop, no_drop_salvage",,United Aurora Federation,,,,,,,,,,,,
,,,,,,,,,,,,,,,,,,,,,,,,,,,,,,,,,,,,,,,,,,,,,,
Rillaru Engine Reactor,uaf_rillaru_reactor,0,,0,,,,,,,,,,,,,,,,,,,,,,,,,,,SYSTEM,"no_drop, no_drop_salvage",,United Aurora Federation,,,,,,,,,,,,
,,,,,,,,,,,,,,,,,,,,,,,,,,,,,,,,,,,,,,,,,,,,,,
Zepporia Engine Reactor,uaf_zepporia_reactor,0,,0,,,,,,,,,,,,,,,,,,,,,,,,,,,SYSTEM,"no_drop, no_drop_salvage",,United Aurora Federation,,,,,,,,,,,,
Zepporia Hangar Lights,uaf_zepporia_lights1,0,,0,,,,,,,,,,,,,,,,,,,,,,,,,,,SYSTEM,"no_drop, no_drop_salvage",,United Aurora Federation,,,,,,,,,,,,
Zepporia Hangar Lights,uaf_zepporia_lights2,0,,0,,,,,,,,,,,,,,,,,,,,,,,,,,,SYSTEM,"no_drop, no_drop_salvage",,United Aurora Federation,,,,,,,,,,,,
Zepporia Hangar Lights,uaf_zepporia_lights3,0,,0,,,,,,,,,,,,,,,,,,,,,,,,,,,SYSTEM,"no_drop, no_drop_salvage",,United Aurora Federation,,,,,,,,,,,,
,,,,,,,,,,,,,,,,,,,,,,,,,,,,,,,,,,,,,,,,,,,,,,
Seniraja Engine Reactor,uaf_seniraja_reactor,0,,0,,,,,,,,,,,,,,,,,,,,,,,,,,,SYSTEM,"no_drop, no_drop_salvage",,United Aurora Federation,,,,,,,,,,,,
,,,,,,,,,,,,,,,,,,,,,,,,,,,,,,,,,,,,,,,,,,,,,,
Solvernia Engine Reactor,uaf_solvernia_reactor,0,,0,,,,,,,,,,,,,,,,,,,,,,,,,,,SYSTEM,"no_drop, no_drop_salvage",,United Aurora Federation,,,,,,,,,,,,
Solvernia Engine Reactor,uaf_solvernia_reactor2,0,,0,,,,,,,,,,,,,,,,,,,,,,,,,,,SYSTEM,"no_drop, no_drop_salvage",,United Aurora Federation,,,,,,,,,,,,
,,,,,,,,,,,,,,,,,,,,,,,,,,,,,,,,,,,,,,,,,,,,,,
Solvernia Left Engine Reactor,uaf_solvernia_left_engine_reactor,0,,0,,,,,,,,,,,,,,,,,,,,,,,,,,,SYSTEM,"no_drop, no_drop_salvage",,United Aurora Federation,,,,,,,,,,,,
Solvernia Right Engine Reactor,uaf_solvernia_right_engine_reactor,0,,0,,,,,,,,,,,,,,,,,,,,,,,,,,,SYSTEM,"no_drop, no_drop_salvage",,United Aurora Federation,,,,,,,,,,,,
,,,,,,,,,,,,,,,,,,,,,,,,,,,,,,,,,,,,,,,,,,,,,,
#extras,,,,,,,,,,,,,,,,,,,,,,,,,,,,,,,,,,,,,,,,,,,,,,
Flare Command Red,uaf_flare_command,0,0,300,500,,10,,15,25,2,250,5,100,ENERGY,10,,0,10,3,0.3,75,150,0,0,,75,250,10,3000,SYSTEM,"no_drop, no_drop_salvage",,United Aurora Federation,,Flare Launcher,Fast,Poor,,,"Active defense system, temporarily blinds enemies and prevents them from using any weapons if caught within its flash radius.",limited ammo | missile guidance,,,,
Flare Command Green,uaf_flare_command_green,0,0,300,500,,10,,15,25,2,250,5,100,ENERGY,10,,0,10,3,0.3,75,150,0,0,,75,250,10,3000,SYSTEM,"no_drop, no_drop_salvage",,United Aurora Federation,,Flare Launcher,Fast,Poor,,,"Active defense system, temporarily blinds enemies and prevents them from using any weapons if caught within its flash radius.",limited ammo | missile guidance,,,,
Flare Command Blue,uaf_flare_command_blue,0,0,300,500,,10,,15,25,2,250,5,100,ENERGY,10,,0,10,3,0.3,75,150,0,0,,75,250,10,3000,SYSTEM,"no_drop, no_drop_salvage",,United Aurora Federation,,Flare Launcher,Fast,Poor,,,"Active defense system, temporarily blinds enemies and prevents them from using any weapons if caught within its flash radius.",limited ammo | missile guidance,,,,
,,,,,,,,,,,,,,,,,,,,,,,,,,,,,,,,,,,,,,,,,,,,,,
Laser Lead,uaf_laser_lead,,,,1500,,,,,15,,,,,,,,,,,,,,,,,,,,,SYSTEM,"no_drop, no_drop_salvage",,United Aurora Federation,,,,,,,,,,,,43
,,,,,,,,,,,,,,,,,,,,,,,,,,,,,,,,,,,,,,,,,,,,,,
Radar Dish,uaf_radar_dish,,,,,,,,,,,,,,,,,,,,,,,,,,,,,,SYSTEM,"no_drop, no_drop_salvage",,United Aurora Federation,,,,,,,,,,,,43
,,,,,,,,,,,,,,,,,,,,,,,,,,,,,,,,,,,,,,,,,,,,,,
Reisen Radar Dish,uaf_reisen_radar_dish,,,,,,,,,0.75,,,,,,,,,,,,,,,,,,,,,SYSTEM,"no_drop, no_drop_salvage",,United Aurora Federation,,,,,,,,,,,,43
,,,,,,,,,,,,,,,,,,,,,,,,,,,,,,,,,,,,,,,,,,,,,,
Rafflesya Dock,uaf_rafflesya_anchor,,,,,,,,,0.75,,,,,,,,,,,,,,,,,,,,,SYSTEM,"no_drop, no_drop_salvage",,United Aurora Federation,,,,,,,,,,,,43
Drone Bay,uaf_drone_bays,,,,,,,,,,,,,,,,,,,,,,,,,,,,,,SYSTEM,"no_drop, no_drop_salvage",,United Aurora Federation,,,,,,,,,,,,43
,,,,,,,,,,,,,,,,,,,,,,,,,,,,,,,,,,,,,,,,,,,,,,
Radar Dish,uaf_zepporia_radar_dish,,,,,,,,,1.5,,,,,,,,,,,,,,,,,,,,,SYSTEM,"no_drop, no_drop_salvage",,United Aurora Federation,,,,,,,,,,,,43
,,,,,,,,,,,,,,,,,,,,,,,,,,,,,,,,,,,,,,,,,,,,,,
Radar Dome,uaf_zepporia_radar_dome,,,,,,,,,0.04,,,,,,,,,,,,,,,,,,,,,SYSTEM,"no_drop, no_drop_salvage",,United Aurora Federation,,,,,,,,,,,,43
,,,,,,,,,,,,,,,,,,,,,,,,,,,,,,,,,,,,,,,,,,,,,,
Radar Dome,uaf_neuxoria_radar_dome,,,,,,,,,0.04,,,,,,,,,,,,,,,,,,,,,SYSTEM,"no_drop, no_drop_salvage",,United Aurora Federation,,,,,,,,,,,,43
Radar Dome #2,uaf_neuxoria_radar_dome_2,,,,,,,,,0.10,,,,,,,,,,,,,,,,,,,,,,,,,,,,,,,,,,,,
,,,,,,,,,,,,,,,,,,,,,,,,,,,,,,,,,,,,,,,,,,,,,,
Radar Small,uaf_neuxoria_radar_small_1,,,,,,,,,0.46,,,,,,,,,,,,,,,,,,,,,,,,,,,,,,,,,,,,
Radar Small #2,uaf_neuxoria_radar_small_2,,,,,,,,,1.5,,,,,,,,,,,,,,,,,,,,,,,,,,,,,,,,,,,,
,,,,,,,,,,,,,,,,,,,,,,,,,,,,,,,,,,,,,,,,,,,,,,
Neuxoria Mast,uaf_neuxoria_mast,,,,,,,,,,,,,,,,,,,,,,,,,,,,,,,,,,,,,,,,,,,,,
,,,,,,,,,,,,,,,,,,,,,,,,,,,,,,,,,,,,,,,,,,,,,,
#Frequency Shield,uaf_frequency_barrier,0,,0,,,,,,,,,,,,,,,,,,,,,,,,,,,SYSTEM,"no_drop, no_drop_salvage",,United Aurora Federation,,,,,,,,,,,,
,,,,,,,,,,,,,,,,,,,,,,,,,,,,,,,,,,,,,,,,,,,,,,
A.N.G.E.L System,uaf_angel_system,0,,0,1500,,500,,90,,,,,,HIGH_EXPLOSIVE,0,,0,,12,0.1,10,50,5,,,100,100,10,150,SYSTEM,"he0, no_drop, no_drop_salvage",,United Aurora Federation,,Suppression,,,,,,fragmentation | missiles | concentrated defensive fire,,,,3.5
